,mean_fit_time,std_fit_time,mean_score_time,std_score_time,param_colsample_bytree,param_learning_rate,param_max_depth,param_min_child_weight,param_n_estimators,param_subsample,params,split0_test_neg_mean_absolute_error,split1_test_neg_mean_absolute_error,split2_test_neg_mean_absolute_error,split3_test_neg_mean_absolute_error,split4_test_neg_mean_absolute_error,mean_test_neg_mean_absolute_error,std_test_neg_mean_absolute_error,rank_test_neg_mean_absolute_error,split0_test_neg_mean_squared_error,split1_test_neg_mean_squared_error,split2_test_neg_mean_squared_error,split3_test_neg_mean_squared_error,split4_test_neg_mean_squared_error,mean_test_neg_mean_squared_error,std_test_neg_mean_squared_error,rank_test_neg_mean_squared_error,split0_test_explained_variance,split1_test_explained_variance,split2_test_explained_variance,split3_test_explained_variance,split4_test_explained_variance,mean_test_explained_variance,std_test_explained_variance,rank_test_explained_variance
0,10.009950256347656,0.13303045381963202,0.1119903564453125,0.004107277581775962,0.9176330709871909,0.02358225454157567,7,4,100,0.2889874823257521,"{'colsample_bytree': 0.9176330709871909, 'learning_rate': 0.02358225454157567, 'max_depth': 7, 'min_child_weight': 4, 'n_estimators': 100, 'subsample': 0.2889874823257521}",-31.266709550329825,-34.05579671195862,-30.341115542498347,-29.944586661381372,-33.19046387032318,-31.759649878827002,1.604329077532881,24,-42708.185669216095,-42298.02643813917,-15110.616524927416,-19095.45439441144,-37348.534757368514,-31311.806670729962,11821.716697472511,79,0.030256589997204042,0.3377425975830082,0.48236057145607913,0.4575772074823976,0.34272613277633923,0.330131875297523,0.1609752941763334,81
1,22.38342604637146,0.30160077579540895,0.19652647972106935,0.007515842181890507,0.8725474850255501,0.3720850565255234,9,3,100,0.8812112373611708,"{'colsample_bytree': 0.8725474850255501, 'learning_rate': 0.3720850565255234, 'max_depth': 9, 'min_child_weight': 3, 'n_estimators': 100, 'subsample': 0.8812112373611708}",-34.25281692729911,-38.89960229928029,-36.161498662814424,-37.61940906800499,-37.458163220173226,-36.878263752365264,1.5734512979067292,56,-36981.74865722388,-29442.823379870075,-11034.074284856564,-20323.472000833128,-25111.133132719846,-24578.618809319833,8710.510803318202,35,0.15960119948054985,0.5384733030219508,0.6216050503346744,0.42345850408177677,0.5574356048759271,0.4601089784939813,0.16330810554349992,41
2,6.432929801940918,0.12026936100334555,0.139323091506958,0.011651933134122612,0.5040383462487378,0.33382978766799953,8,2,100,0.2286804169460302,"{'colsample_bytree': 0.5040383462487378, 'learning_rate': 0.33382978766799953, 'max_depth': 8, 'min_child_weight': 2, 'n_estimators': 100, 'subsample': 0.2286804169460302}",-72.91878475118874,-74.50323835198533,-80.4347047435085,-73.36597699178876,-77.57500461418907,-75.75943455561877,2.8471679657693434,94,-48686.927687711875,-41140.14026242604,-29944.933504388042,-24626.50269521933,-38114.3479861344,-36502.475134663284,8445.4407233587,92,-0.10654094497869382,0.35504589610086323,-0.02703584854272645,0.300590673366104,0.3282708950099459,0.1700567807110927,0.19577921904083131,94
3,4.9796528816223145,0.2884529552950345,0.06420741081237794,0.007274606996735877,0.6079417018410721,0.32115427181337,3,4,100,0.6299888433439929,"{'colsample_bytree': 0.6079417018410721, 'learning_rate': 0.32115427181337, 'max_depth': 3, 'min_child_weight': 4, 'n_estimators': 100, 'subsample': 0.6299888433439929}",-38.387813783831895,-38.2807838897574,-33.34864440083751,-34.480238635618235,-37.79523927609572,-36.4584649683007,2.1173265688513565,54,-43665.60322576428,-41137.411564890885,-8908.71270387194,-16433.49952078641,-31216.095970537106,-28272.09055014557,13610.942096725883,63,0.007480553819544267,0.35508826248042347,0.6944443709054093,0.5337211213919124,0.44981049840992915,0.4081064958973046,0.22927483055106687,59
4,4.1618931770324705,0.08496391488561933,0.1364530563354492,0.011445242097383174,0.23005053181460422,0.16496511344233716,7,4,100,0.299305337115452,"{'colsample_bytree': 0.23005053181460422, 'learning_rate': 0.16496511344233716, 'max_depth': 7, 'min_child_weight': 4, 'n_estimators': 100, 'subsample': 0.299305337115452}",-51.018490699403145,-53.19880317473531,-53.499538543060126,-51.36866088687687,-52.04608853688295,-52.22632702373332,0.9791830219371318,85,-40728.15911231068,-31552.95777154338,-13716.73423381226,-12346.260408951179,-24822.055401227466,-24633.222221916654,10743.729720455693,37,0.07425147296127654,0.5053684300162682,0.5295726562489851,0.6492866864015476,0.5625275830312999,0.4641955524282631,0.2009789812263172,37
5,8.647036170959472,0.1747790315575079,0.1767129421234131,0.008329938687843921,0.34749257418612334,0.10135764066621968,9,4,100,0.5170012910339006,"{'colsample_bytree': 0.34749257418612334, 'learning_rate': 0.10135764066621968, 'max_depth': 9, 'min_child_weight': 4, 'n_estimators': 100, 'subsample': 0.5170012910339006}",-35.60932005633978,-35.96545421915966,-34.88010593298233,-34.68031849109348,-34.81636400757846,-35.19033465024793,0.5045008211878126,48,-35985.649778753694,-26184.43477733511,-8902.817777093454,-10740.621500259274,-21202.08894321771,-20603.087142869514,10023.248981357818,4,0.18205296208121058,0.5895042316603074,0.6946473420502501,0.6953639794077876,0.6263139326930092,0.5575724256407623,0.19211739166347575,5
6,3.22170147895813,0.04909818355457475,0.06433839797973633,0.0019354721829393671,0.33741691921322287,0.01828022475165975,3,4,100,0.5119293857772546,"{'colsample_bytree': 0.33741691921322287, 'learning_rate': 0.01828022475165975, 'max_depth': 3, 'min_child_weight': 4, 'n_estimators': 100, 'subsample': 0.5119293857772546}",-28.90934357063819,-32.60120323963712,-28.268644876956518,-28.424959820401483,-32.169681050522236,-30.074642654794236,1.9033376516032825,6,-42746.39057639066,-49261.15885494843,-12975.047114990095,-20135.87985015619,-42061.977241893066,-33435.58074266243,14192.306660573908,87,0.0311281733417893,0.23020608180426994,0.5574828602020492,0.42964323815962047,0.261528948664555,0.3020002530625619,0.17985393232889232,85
7,5.916558933258057,0.0887367102218858,0.1356506824493408,0.005732371263709237,0.2668499814807018,0.344760902548811,7,4,100,0.5458223496680964,"{'colsample_bytree': 0.2668499814807018, 'learning_rate': 0.344760902548811, 'max_depth': 7, 'min_child_weight': 4, 'n_estimators': 100, 'subsample': 0.5458223496680964}",-52.30814807855656,-54.14665041052129,-53.681632152824335,-52.911641296209616,-47.80647180148795,-52.17116678486842,2.271456084728594,84,-42801.00207615576,-31052.08870309223,-13523.657727669355,-18609.031999045223,-25436.104671396668,-26284.427187556757,10178.67215843552,49,0.027266347462162832,0.5131940331687741,0.5362828595276429,0.4719101824579822,0.5516889206040843,0.4200606868981224,0.19823706192292645,54
8,3.7076133251190186,0.09148034825038319,0.12806377410888672,0.06002892761106616,0.18987596789219816,0.2413113087479074,5,4,100,0.6533840074025815,"{'colsample_bytree': 0.18987596789219816, 'learning_rate': 0.2413113087479074, 'max_depth': 5, 'min_child_weight': 4, 'n_estimators': 100, 'subsample': 0.6533840074025815}",-42.37124982919349,-40.237836005532316,-38.479664710413374,-40.173723498287195,-39.75369764560429,-40.203260915593305,1.2550331223264874,69,-38995.942310432736,-34175.10549769252,-10214.450422139442,-14747.864336995546,-22641.065200129015,-24154.975054503826,11007.418799736624,32,0.11361724797199302,0.46424347831730006,0.6496788499337315,0.5819670810655475,0.6009983735004376,0.48209397663389614,0.19406095692860312,32
9,10.766199207305908,0.11849180323101628,0.09409151077270508,0.007265012375556255,0.7779004035913542,0.07425875263156753,5,4,100,0.8853697040987293,"{'colsample_bytree': 0.7779004035913542, 'learning_rate': 0.07425875263156753, 'max_depth': 5, 'min_child_weight': 4, 'n_estimators': 100, 'subsample': 0.8853697040987293}",-29.374366704296367,-31.632852269318413,-27.61476521861296,-29.087531202120644,-31.575598789206065,-29.85692122999737,1.5465898599677137,5,-39226.2539479838,-37925.16275250882,-6843.977008618616,-16015.387044893598,-30248.044149354628,-26051.51688565187,12663.835864452009,46,0.10865873352163191,0.40544871398384597,0.7653003404662604,0.5455505695892623,0.46687945061413794,0.4583670583898474,0.21306859310895712,44
10,9.047648382186889,0.10981242851332253,0.07602915763854981,0.005007286159833632,0.8943382299017567,0.22589257940806085,4,2,100,0.6780786922399747,"{'colsample_bytree': 0.8943382299017567, 'learning_rate': 0.22589257940806085, 'max_depth': 4, 'min_child_weight': 2, 'n_estimators': 100, 'subsample': 0.6780786922399747}",-32.850229515193874,-33.24490955085258,-31.417658881819744,-32.26510687549016,-35.58018401837046,-33.07146945533543,1.3969039904467162,33,-36659.24823550751,-33097.50927717925,-9488.646957775216,-19296.871020935774,-25864.42290143771,-24881.281556110967,9750.28328668113,39,0.16679493454150984,0.48113926828927356,0.674620188271694,0.45204643015647816,0.5441848504439597,0.4637523792432612,0.16707124887753286,38
11,3.555507946014404,0.14791299459059448,0.047745037078857425,0.004948985212283382,0.5398169454167605,0.07115363929645428,2,3,100,0.7208499843911075,"{'colsample_bytree': 0.5398169454167605, 'learning_rate': 0.07115363929645428, 'max_depth': 2, 'min_child_weight': 3, 'n_estimators': 100, 'subsample': 0.7208499843911075}",-30.895146296357673,-32.601241721509304,-28.239551708820194,-29.677168787212864,-31.923434600965432,-30.667234357513827,1.5648960148404343,11,-43152.813936521045,-42271.04292164554,-6880.779464722365,-16192.590924321494,-35674.62749165557,-28833.966533882707,14657.25436056224,66,0.019215830306317017,0.33734958388897385,0.7641304872054522,0.5401085273939671,0.3712728365135819,0.4064175307852334,0.2456745836702995,60
12,8.404103755950928,0.09662895458866072,0.07768149375915527,0.0064070834888109345,0.8295160738310678,0.20901174447145718,4,1,100,0.5816354805847707,"{'colsample_bytree': 0.8295160738310678, 'learning_rate': 0.20901174447145718, 'max_depth': 4, 'min_child_weight': 1, 'n_estimators': 100, 'subsample': 0.5816354805847707}",-33.924229696309325,-33.37140515599066,-29.718541094793782,-31.218130878740748,-34.776192186994,-32.60157124087808,1.8599161621122937,30,-40366.84893443559,-35016.77277815701,-8100.248474133909,-17029.170609317625,-26771.013807230724,-25456.733221536695,11728.126559687476,43,0.08266545130631486,0.4510372320050634,0.7221835426704862,0.5169831271363297,0.5281854727755029,0.4602069463477357,0.2093368594000205,40
13,2.9934785842895506,0.08457562016798165,0.09280529022216796,0.003688676625369844,0.3370649466781508,0.2997313584855223,5,4,100,0.15818536134021224,"{'colsample_bytree': 0.3370649466781508, 'learning_rate': 0.2997313584855223, 'max_depth': 5, 'min_child_weight': 4, 'n_estimators': 100, 'subsample': 0.15818536134021224}",-75.57029110889198,-76.78140015054869,-86.44834701180845,-83.70792782102292,-91.29230095351821,-82.75954896032606,5.911463605160157,97,-46540.25147937157,-42893.35337277349,-24349.608119877696,-28446.22051719772,-41789.52744043701,-36803.497416199054,8737.389474354897,94,-0.05751796650263752,0.32755699542343664,0.16488112303975866,0.1920353570247767,0.2634701393734171,0.17808008148624116,0.13077699519248706,93
14,12.095038747787475,0.12824562831892874,0.1363358497619629,0.007536984836375859,0.7308605146823476,0.4026690993194437,8,3,100,0.3890609515389847,"{'colsample_bytree': 0.7308605146823476, 'learning_rate': 0.4026690993194437, 'max_depth': 8, 'min_child_weight': 3, 'n_estimators': 100, 'subsample': 0.3890609515389847}",-57.13758436728961,-57.57497702640716,-55.69421493926064,-64.70060231524954,-58.2757472895099,-58.67664888849513,3.128222973452412,89,-50615.394242290764,-32487.211171771578,-18980.729202986888,-21014.465329424846,-31524.065190209687,-30924.337571964697,11237.726923671142,76,-0.15049181850040427,0.49070527048620427,0.3492257986140692,0.4045470993734972,0.44455268776167944,0.3076997169191143,0.23378353317287612,83
15,16.354905319213866,0.214488278539217,0.13455772399902344,0.011102838902921615,0.8130810759420724,0.21327845724424171,7,2,100,0.9788068132501186,"{'colsample_bytree': 0.8130810759420724, 'learning_rate': 0.21327845724424171, 'max_depth': 7, 'min_child_weight': 2, 'n_estimators': 100, 'subsample': 0.9788068132501186}",-31.134159650388217,-32.02351424706747,-29.536480019686667,-29.59479612600969,-32.74253024468402,-31.006193406852592,1.2820200500171866,16,-36722.5625423643,-26612.77340461862,-8697.154179524654,-13835.347342186898,-22584.242266630597,-21690.363101710893,9813.75714423966,13,0.16536787810372233,0.5827887818598809,0.7017837542750525,0.607612627121328,0.6019981946816426,0.5319061034252182,0.18785690949959225,14
16,13.588910055160522,0.23149231458396854,0.12358880043029785,0.007629286716116616,0.8493653307056218,0.10326919781199052,8,1,100,0.4289903869181908,"{'colsample_bytree': 0.8493653307056218, 'learning_rate': 0.10326919781199052, 'max_depth': 8, 'min_child_weight': 1, 'n_estimators': 100, 'subsample': 0.4289903869181908}",-29.77284876310258,-32.885885763267,-32.087634991531786,-29.374211090998717,-33.580438440779055,-31.540083185918395,1.6785570492021573,22,-35893.68621070802,-28279.703509909854,-10211.467931340947,-11308.085135422141,-25348.797192218484,-22208.16232433444,9967.743740784617,17,0.18443821901737945,0.556665715719582,0.6500793475632733,0.6788214126655656,0.553259892081899,0.524651226090238,0.17725573567343864,16
17,2.4489062786102296,0.10995780893465859,0.046865224838256836,0.005471134473793371,0.5920816190951638,0.28655817807683265,2,2,100,0.25860192685147976,"{'colsample_bytree': 0.5920816190951638, 'learning_rate': 0.28655817807683265, 'max_depth': 2, 'min_child_weight': 2, 'n_estimators': 100, 'subsample': 0.25860192685147976}",-39.835883873297625,-41.47388319577333,-35.12371260426364,-35.932975907086835,-35.498091793285894,-37.573032143399466,2.5819435672169875,60,-47949.16132211514,-44995.97228848647,-11583.867531371916,-19783.66111804004,-35760.16051425282,-32014.343105405515,14167.013585958222,83,-0.08979951389486085,0.29466799369784114,0.6026906955211245,0.4381987630199562,0.36976245757047543,0.3231013206173174,0.2301762247147824,82
18,7.387123060226441,0.3057209236751564,0.19486403465270996,0.03720689027615592,0.26297334645682147,0.2213182329864707,8,1,100,0.8199289725884275,"{'colsample_bytree': 0.26297334645682147, 'learning_rate': 0.2213182329864707, 'max_depth': 8, 'min_child_weight': 1, 'n_estimators': 100, 'subsample': 0.8199289725884275}",-32.402387837677566,-30.79590991307672,-29.479305514896758,-31.204197787530248,-31.70032571741704,-31.116390832400185,0.9783063715215823,17,-36577.09292471799,-25100.073816602395,-8561.886226399853,-11304.931737248535,-19861.83144651299,-20281.188022290193,10068.75527316823,3,0.16861664811601984,0.6065050918714668,0.7064125046584824,0.6796155538356863,0.6499311742026865,0.5622110085974297,0.19957991493546412,2
19,9.352656412124634,0.2571355044743541,0.1774440288543701,0.028238633860769864,0.5766197590704935,0.11699414709740939,9,4,100,0.2902411929454062,"{'colsample_bytree': 0.5766197590704935, 'learning_rate': 0.11699414709740939, 'max_depth': 9, 'min_child_weight': 4, 'n_estimators': 100, 'subsample': 0.2902411929454062}",-40.66912411994177,-43.35646047713381,-42.523493600321565,-40.852338923572475,-43.19350481999125,-42.11892085972866,1.145085214298523,76,-38795.011595558666,-30521.336244877217,-11543.208673045077,-12459.989398541418,-24184.50235718545,-23500.76923213745,10474.579410343054,27,0.11840855187664079,0.5215180764891697,0.6042872017345273,0.6462932570740386,0.5738563978618743,0.4928679090386528,0.1916049513857703,26
20,5.421663093566894,0.16151371462537079,0.14277219772338867,0.00909368410243106,0.49544061522547544,0.010494372764448414,7,1,100,0.12318443441553975,"{'colsample_bytree': 0.49544061522547544, 'learning_rate': 0.010494372764448414, 'max_depth': 7, 'min_child_weight': 1, 'n_estimators': 100, 'subsample': 0.12318443441553975}",-31.831685467933433,-35.33566131163306,-31.02342794239609,-30.853721053720825,-34.57334695462995,-32.723459182316155,1.866922103013937,31,-41237.03175477057,-53541.99511698735,-18137.40717375159,-24000.098819657513,-44640.000386057516,-36310.81423604745,13209.19424596916,91,0.0760950839658846,0.17242359205797597,0.39752460087111585,0.33272217298956897,0.226306502014612,0.24101525994873094,0.11404292271628297,89
21,9.534436082839965,0.29442037202520555,0.19764747619628906,0.003999556746906742,0.30741363459377113,0.2726663981837248,9,2,100,0.581058902663974,"{'colsample_bytree': 0.30741363459377113, 'learning_rate': 0.2726663981837248, 'max_depth': 9, 'min_child_weight': 2, 'n_estimators': 100, 'subsample': 0.581058902663974}",-41.50781867787255,-41.4385826934064,-37.818341373401815,-43.66971227296739,-41.05922718755879,-41.09873877693198,1.879167721513885,71,-38235.00103918684,-27158.916130061738,-10050.48658364803,-13372.307428753295,-25571.50041190217,-22877.483050761188,10162.188153338362,23,0.13095959604417395,0.574253560039018,0.6553396506352581,0.6212722357271667,0.5492981955998002,0.50622210098806,0.19120073843528643,23
22,8.647273874282837,0.1080536205461122,0.08488821983337402,0.0031239406461965025,0.7566461567013546,0.08105916568436754,5,3,100,0.46484752342991453,"{'colsample_bytree': 0.7566461567013546, 'learning_rate': 0.08105916568436754, 'max_depth': 5, 'min_child_weight': 3, 'n_estimators': 100, 'subsample': 0.46484752342991453}",-32.647327098062746,-32.590867111995095,-29.722052994896384,-30.252622346429828,-32.25784931166647,-31.49409862033749,1.2488274323231745,21,-41433.93466398614,-34063.131029689444,-7807.879712619196,-15778.798788137723,-29121.60788043832,-25640.864636479102,12229.370604799904,44,0.058354284759265074,0.46601720194054286,0.7323305067399067,0.5520584900014442,0.4867595837606735,0.4591023783705829,0.22123311718729766,42
23,5.163260459899902,0.14647535814463053,0.05506901741027832,0.001972268254809493,0.6444267251015753,0.025745175687205926,3,3,100,0.5334205438037333,"{'colsample_bytree': 0.6444267251015753, 'learning_rate': 0.025745175687205926, 'max_depth': 3, 'min_child_weight': 3, 'n_estimators': 100, 'subsample': 0.5334205438037333}",-29.6539624174988,-32.70753752448803,-27.874291957006136,-28.786212006652633,-32.073069604595055,-30.218905085464087,1.8708402518886356,10,-42787.845080429186,-45339.94173080499,-7989.770616586485,-17403.49905846841,-36830.69882541441,-30069.95137286671,14755.672654739612,70,0.028377554929200688,0.28989509203673547,0.7262491076811222,0.5054557170410034,0.35171718709776223,0.3803406239497071,0.2316030122971086,68
24,2.868809127807617,0.055135134911135815,0.05529522895812988,0.004036859811849164,0.39366219001220215,0.31385049315696395,2,2,100,0.7561219089715432,"{'colsample_bytree': 0.39366219001220215, 'learning_rate': 0.31385049315696395, 'max_depth': 2, 'min_child_weight': 2, 'n_estimators': 100, 'subsample': 0.7561219089715432}",-34.09979728368165,-34.163635600575184,-30.502427927451553,-34.06370002036612,-33.62575036798406,-33.2910424523726,1.4072281623244955,34,-41678.63725440001,-40086.967686334014,-8091.710260325319,-18410.54043574354,-31839.40105163135,-28021.22561049553,12932.760500918806,61,0.052736848309150264,0.371608767439528,0.7224737783619287,0.4774503778745921,0.4388521874894058,0.41262284123892035,0.21545848434733922,57
25,8.364985752105714,0.1449306321100104,0.16573147773742675,0.00953574719044326,0.29082939800170804,0.3684746705839606,8,3,100,0.938681730251481,"{'colsample_bytree': 0.29082939800170804, 'learning_rate': 0.3684746705839606, 'max_depth': 8, 'min_child_weight': 3, 'n_estimators': 100, 'subsample': 0.938681730251481}",-35.75620620265854,-38.87245218854419,-37.402866935724695,-38.26836810181946,-37.63620259345353,-37.58721630841377,1.0492955861600826,61,-35698.63071697311,-27474.527902749975,-10288.230940825859,-13888.107109387862,-23667.844786838923,-22203.381713579605,9199.89537200923,16,0.1886092619803792,0.5692932395617432,0.647198979948846,0.605709491307963,0.582884948715829,0.5187353918372779,0.16716994640566699,19
26,4.693559980392456,0.05019361532825034,0.14839048385620118,0.02359408492940694,0.18887838621328978,0.3485813051009718,7,3,100,0.5160705358278423,"{'colsample_bytree': 0.18887838621328978, 'learning_rate': 0.3485813051009718, 'max_depth': 7, 'min_child_weight': 3, 'n_estimators': 100, 'subsample': 0.5160705358278423}",-54.16415005115373,-53.30010459654225,-54.52558118512812,-56.75649026371902,-49.95934299788907,-53.74135740826925,2.208181921133879,87,-44785.58350064292,-31624.48055837556,-16000.641681963485,-20351.461987634546,-24612.28379858519,-27475.059550237955,10074.749697859479,56,-0.01785308273084807,0.5042200166099422,0.4512017287279032,0.42238478459757056,0.5662295190140337,0.38522589246769035,0.20742767551949662,66
27,3.671732473373413,0.11812381433919622,0.09239382743835449,0.00822248124126633,0.39657066316007217,0.3961201524813804,5,3,100,0.18606505003180898,"{'colsample_bytree': 0.39657066316007217, 'learning_rate': 0.3961201524813804, 'max_depth': 5, 'min_child_weight': 3, 'n_estimators': 100, 'subsample': 0.18606505003180898}",-79.80822630405004,-86.96710081925733,-91.34719870011553,-77.28972741030321,-88.13551645614493,-84.70935138609303,5.291005741987269,98,-53798.069869820865,-47739.06868766764,-34520.13056371727,-35717.65528137241,-44856.09383262922,-43326.11319592492,7306.516871163395,98,-0.2223569854117775,0.25180233978240096,-0.1835672463913247,-0.013824533459761312,0.21099222855306665,0.008597195197236989,0.19538751648161432,98
28,1.6161866664886475,0.04638970658888414,0.04648170471191406,0.002810997742610951,0.23264628932183948,0.3888952664486604,2,3,100,0.19867177123522192,"{'colsample_bytree': 0.23264628932183948, 'learning_rate': 0.3888952664486604, 'max_depth': 2, 'min_child_weight': 3, 'n_estimators': 100, 'subsample': 0.19867177123522192}",-54.59778512295907,-48.96649109200194,-50.39868023846229,-51.43957720319442,-48.71640482363371,-50.82391229004771,2.130427735571889,83,-50090.26958015865,-47625.95680192445,-15120.041984996924,-22334.841158835683,-44089.808032970046,-35851.696481830295,14295.341016030974,90,-0.13827258413316712,0.2533689598783546,0.4814119004622629,0.36603950548395237,0.22291540091903872,0.23709347471740597,0.20866095464852694,90
29,4.91208438873291,0.09525136148383646,0.07245569229125977,0.005197355113183231,0.5137488183419582,0.03757208450406732,4,3,100,0.38005144024082327,"{'colsample_bytree': 0.5137488183419582, 'learning_rate': 0.03757208450406732, 'max_depth': 4, 'min_child_weight': 3, 'n_estimators': 100, 'subsample': 0.38005144024082327}",-31.233073744941596,-33.968861126420485,-29.620701127950166,-29.114107997678914,-33.4874438912399,-31.484719178313494,1.9666983148778525,20,-41474.60459852516,-41432.121704035824,-8746.734158537989,-14862.167642853607,-32006.308955276112,-27704.133070971704,13571.590172202574,59,0.05743587311531029,0.35057979373153225,0.7000053425784118,0.5776515957964652,0.435942674223192,0.42432236890669933,0.21895377806175734,53
30,9.65189070701599,0.11948750539151212,0.15998964309692382,0.009356113171850207,0.680014711235515,0.32481570537685545,9,2,100,0.22944389153586972,"{'colsample_bytree': 0.680014711235515, 'learning_rate': 0.32481570537685545, 'max_depth': 9, 'min_child_weight': 2, 'n_estimators': 100, 'subsample': 0.22944389153586972}",-63.15931761328229,-71.49859679994448,-68.4304988515067,-74.39942071390617,-75.29393270765092,-70.55607323915179,4.41216867731185,93,-49917.45354084957,-42648.73845741917,-23496.778896073276,-31241.031260409665,-41993.334404225636,-37859.22290674093,9333.08328508042,96,-0.13459981084916106,0.3314213472580765,0.1942987220554101,0.1148168550149049,0.2605881978848945,0.15329871941273207,0.1608044536042709,96
31,10.387241125106812,0.36401517527550814,0.1423264503479004,0.006016118193280752,0.805992076827742,0.08360183894061114,9,2,100,0.1988626723129388,"{'colsample_bytree': 0.805992076827742, 'learning_rate': 0.08360183894061114, 'max_depth': 9, 'min_child_weight': 2, 'n_estimators': 100, 'subsample': 0.1988626723129388}",-38.822755820778326,-41.40324679037329,-37.14995149450122,-38.34547768886929,-40.72643929948157,-39.28948926757213,1.5632995981155786,66,-40059.48309089651,-36471.61430899757,-11951.275828695698,-14743.03339540949,-27319.605674392245,-26108.930885644088,11252.810024404878,47,0.0894778470730081,0.42823072244183336,0.5901575363369489,0.5819510740059102,0.5184864931360492,0.44165619245859755,0.18539495320020788,49
32,5.230474376678467,0.10768066300974356,0.055869340896606445,0.005118734205699743,0.9649468218381315,0.2901519954157804,3,1,100,0.28619191584780485,"{'colsample_bytree': 0.9649468218381315, 'learning_rate': 0.2901519954157804, 'max_depth': 3, 'min_child_weight': 1, 'n_estimators': 100, 'subsample': 0.28619191584780485}",-37.70536731519609,-39.991850203393724,-35.36119454829537,-38.64687057807183,-43.53370571735693,-39.04753245382469,2.704245680591954,64,-46365.903038614204,-46248.812007275796,-10428.804849308699,-21266.536918040958,-41359.89702643506,-33133.50443080247,14636.617256255604,85,-0.053661494597911696,0.2749863207926764,0.6423121998869747,0.39672129735599637,0.2710290555124085,0.3062795597689977,0.2248962667648871,84
33,9.647747993469238,0.10736275728617252,0.20737943649291993,0.02957783397213669,0.31190106376769555,0.31289232470885,9,3,100,0.8200482006144157,"{'colsample_bytree': 0.31190106376769555, 'learning_rate': 0.31289232470885, 'max_depth': 9, 'min_child_weight': 3, 'n_estimators': 100, 'subsample': 0.8200482006144157}",-35.90194026171333,-39.4474303313888,-37.447577929103865,-37.348890473380656,-38.37346535524555,-37.70382128139471,1.1770543259413444,62,-36110.825855639996,-25573.774071536303,-10247.712855836753,-9316.930371284108,-23346.418203171783,-20918.98876398926,10068.40072870964,8,0.17936331174426012,0.5990757198287464,0.6485471450805298,0.7357996575041852,0.5885199593736381,0.5502588967457264,0.1926172443234281,10
34,13.577106380462647,0.26478972385282107,0.13514037132263185,0.010730062168208548,0.8197679814664008,0.362682280861404,8,1,100,0.3721731322294274,"{'colsample_bytree': 0.8197679814664008, 'learning_rate': 0.362682280861404, 'max_depth': 8, 'min_child_weight': 1, 'n_estimators': 100, 'subsample': 0.3721731322294274}",-42.21179894869968,-48.84649018988679,-48.666511260578694,-48.45671143704112,-48.07760109330761,-47.25177376371362,2.533042021487266,82,-38858.35220767425,-31750.338037948073,-19451.178623226388,-20005.28312017753,-33679.32304325577,-28748.603506631596,7725.640960437603,65,0.11705197102726461,0.5024751438586224,0.3329285192190494,0.4320744105922366,0.40642620691854425,0.3581883985461188,0.1322074209912501,74
35,8.60364909172058,0.14428925082406735,0.13271493911743165,0.022964677804548136,0.9225447988364757,0.24286048694636042,8,3,100,0.14188904117810897,"{'colsample_bytree': 0.9225447988364757, 'learning_rate': 0.24286048694636042, 'max_depth': 8, 'min_child_weight': 3, 'n_estimators': 100, 'subsample': 0.14188904117810897}",-63.5746135825664,-72.5915952599193,-67.36952195078038,-65.58224661606428,-66.10435489955067,-67.04452204363515,3.0311888526536777,91,-46648.9312760245,-40802.781800229706,-18996.09092000218,-20634.33969615032,-33112.85045882428,-32038.93534132408,10877.73420845853,84,-0.05978474589653282,0.3605639590350683,0.3490271892627561,0.41421937274154985,0.41637916858372026,0.2960738764017012,0.18001966888423543,86
36,3.5417644500732424,0.18297858038874038,0.042210721969604494,0.003105433107319068,0.833122837112701,0.07753790148179761,2,3,100,0.3264980583459126,"{'colsample_bytree': 0.833122837112701, 'learning_rate': 0.07753790148179761, 'max_depth': 2, 'min_child_weight': 3, 'n_estimators': 100, 'subsample': 0.3264980583459126}",-33.243037558010684,-35.94040087965724,-32.14753190589452,-33.37448496301253,-34.784709054044825,-33.897980449504715,1.320993569191046,38,-44479.68408788817,-45679.31336369338,-10223.54911592322,-20260.0346734764,-37562.363229882285,-31640.6388070061,14037.450266881686,81,-0.010936917819201142,0.28394059956956896,0.6494349177732115,0.42444973068047365,0.33806797483436535,0.3369911973495409,0.21408088152527635,80
37,1.486423921585083,0.02295740702061084,0.05346798896789551,0.005776550721922157,0.26069144483182544,0.21625039092020637,2,4,100,0.17287041822319943,"{'colsample_bytree': 0.26069144483182544, 'learning_rate': 0.21625039092020637, 'max_depth': 2, 'min_child_weight': 4, 'n_estimators': 100, 'subsample': 0.17287041822319943}",-47.49453987858192,-43.919135712129,-41.997584850873395,-41.89880316057679,-46.017027484267366,-44.26531465755606,2.2072490322186376,81,-47173.32189914682,-44674.54365704751,-14269.109664477202,-19033.10036215251,-41383.47732780933,-33306.233062513,13805.418864261334,86,-0.07218257245168447,0.29978574145367154,0.5109017513141054,0.45928204505912784,0.27061568218075494,0.2936818931654064,0.20447307533858053,87
38,8.335809469223022,0.09644571829644717,0.16271777153015138,0.007352563675127718,0.3299101977021861,0.3649495162429122,8,3,100,0.898079173587551,"{'colsample_bytree': 0.3299101977021861, 'learning_rate': 0.3649495162429122, 'max_depth': 8, 'min_child_weight': 3, 'n_estimators': 100, 'subsample': 0.898079173587551}",-35.040205449605885,-38.595661875273464,-38.05541510306059,-38.03107464068605,-38.088723421202545,-37.562184969473144,1.2782200475023184,59,-34824.28324893365,-25876.772996138217,-12168.524838620879,-17701.984875313778,-22630.127056138965,-22640.339206762506,7654.889432666852,20,0.20865556760016657,0.5943299239757139,0.5833801744664355,0.49711171955539424,0.6011405068139162,0.4969174169044412,0.148946793121756,25
39,9.468445587158204,0.1265796715200959,0.11416964530944824,0.0067129713027667985,0.566938248849034,0.16800951200914638,6,3,100,0.8890001250334989,"{'colsample_bytree': 0.566938248849034, 'learning_rate': 0.16800951200914638, 'max_depth': 6, 'min_child_weight': 3, 'n_estimators': 100, 'subsample': 0.8890001250334989}",-31.34309685573823,-31.937320722513146,-30.45937228431865,-29.79653593417705,-34.27118208778814,-31.561341373495026,1.5401059997193476,23,-37022.97669192184,-27587.65528407969,-8266.870242088256,-10703.57994627085,-23302.522222126736,-21376.607018875762,10704.2667422682,12,0.15855987748206668,0.5675043401533972,0.7165702568179708,0.6964870163613855,0.5892989520482947,0.5456815099476097,0.2020884211172885,11
40,3.1430545330047606,0.03698766639125612,0.05129389762878418,0.015361939074509398,0.5582834335450846,0.3302424871231642,2,4,100,0.5373142092687154,"{'colsample_bytree': 0.5582834335450846, 'learning_rate': 0.3302424871231642, 'max_depth': 2, 'min_child_weight': 4, 'n_estimators': 100, 'subsample': 0.5373142092687154}",-36.908698406307224,-35.61787895764467,-34.131676400585214,-33.24125793503122,-35.031696249259994,-34.98623890236709,1.2547977151350598,46,-49040.71877124144,-43275.275361929205,-10285.335137138662,-16956.978872367035,-36640.324823224604,-31239.407295661556,15060.133087253278,78,-0.11460643025712036,0.3215909263011124,0.6474931584985207,0.5187066454396312,0.3542152191575485,0.34547938737320694,0.2582888427131256,77
41,11.008955764770509,0.06847266104970841,0.0927661418914795,0.005250482616289136,0.9362934038529329,0.32751846285105246,6,1,100,0.4030787350735724,"{'colsample_bytree': 0.9362934038529329, 'learning_rate': 0.32751846285105246, 'max_depth': 6, 'min_child_weight': 1, 'n_estimators': 100, 'subsample': 0.4030787350735724}",-34.691657171477026,-41.159460262261376,-41.50203007530116,-41.43629919539145,-43.59621274647524,-40.47694748194805,3.021132085045216,70,-38586.912642835865,-31568.111930710253,-15267.896827176024,-22013.99392317185,-32254.783402555877,-27938.084545830512,8256.532891746412,60,0.12366115765313612,0.5051519076377926,0.4763517377612082,0.37498893261838984,0.4317297599163342,0.3823737812350972,0.13662641955383723,67
42,5.283865976333618,0.1684518481844268,0.05431852340698242,0.013855516632351642,0.970390398896184,0.03336756642293252,2,1,100,0.7751545823878495,"{'colsample_bytree': 0.970390398896184, 'learning_rate': 0.03336756642293252, 'max_depth': 2, 'min_child_weight': 1, 'n_estimators': 100, 'subsample': 0.7751545823878495}",-31.18347507829748,-33.34774112729606,-29.017082626355176,-30.881411171015852,-32.12192344778322,-31.310278706422608,1.4331215903751853,19,-43101.1500793183,-43450.29273086424,-7880.326212672472,-22833.104235008665,-35635.92996720423,-30579.861734683545,13589.13298158687,74,0.02066135619298659,0.3190621237869258,0.7297197527260683,0.35106144429475106,0.37227649341677693,0.3585554229058185,0.22527958376538118,73
43,6.298661947250366,0.2211600711550225,0.1377865791320801,0.008518004514015826,0.2907071387204716,0.31375578819456007,7,2,100,0.5690013727332952,"{'colsample_bytree': 0.2907071387204716, 'learning_rate': 0.31375578819456007, 'max_depth': 7, 'min_child_weight': 2, 'n_estimators': 100, 'subsample': 0.5690013727332952}",-42.12184299715799,-43.36688088707377,-40.08544901313776,-43.315997211336914,-41.36486725510048,-42.051048039168954,1.238649454551338,75,-37413.574904753834,-29308.41517440444,-11708.614555832857,-14000.312117789388,-23016.416672498613,-23089.47100396398,9550.122690491988,25,0.14965667542272265,0.5406467148344801,0.5984135389148227,0.6031570332731458,0.5943336859532431,0.4972357893369921,0.1752633962623063,24
44,14.226555967330933,0.18763769074553754,0.1391514301300049,0.005881811669971272,0.7731161798053668,0.2867926717236448,8,4,100,0.5288780216752301,"{'colsample_bytree': 0.7731161798053668, 'learning_rate': 0.2867926717236448, 'max_depth': 8, 'min_child_weight': 4, 'n_estimators': 100, 'subsample': 0.5288780216752301}",-39.724301775830966,-43.510682437931194,-42.81356515639145,-42.42277383633418,-44.59631949299225,-42.61341131209932,1.6223436254855794,77,-39020.257829812916,-29463.79752421085,-12806.657894486027,-14441.444768812102,-27169.387616040647,-24580.156053568015,9803.11954630289,36,0.11313642259333745,0.538101827402241,0.5607515961170517,0.5898556372239716,0.5212349578903873,0.46461274078946513,0.17724509858546353,36
45,1.7915327072143554,0.014992241859586936,0.06443815231323242,0.008348652432238816,0.21504259916572382,0.3823632207251688,3,1,100,0.21907844711724295,"{'colsample_bytree': 0.21504259916572382, 'learning_rate': 0.3823632207251688, 'max_depth': 3, 'min_child_weight': 1, 'n_estimators': 100, 'subsample': 0.21907844711724295}",-56.433074845071026,-48.76513905198201,-60.305400251866516,-53.99146655706693,-58.327884123830806,-55.56442959294951,3.989361851649791,88,-48500.55187532731,-38005.12325866775,-21399.460139041912,-24513.786945215994,-37428.94373615584,-33969.36866383048,9867.594746530453,88,-0.1021343054406405,0.40462955079602025,0.26607942947779184,0.3036012805855216,0.3404297031386062,0.24251534310016587,0.17829466573515315,88
46,11.231282806396484,0.13796884002506163,0.2057774543762207,0.013031052835811692,0.38792884845931686,0.3388522084755496,9,4,100,0.8383165315223776,"{'colsample_bytree': 0.38792884845931686, 'learning_rate': 0.3388522084755496, 'max_depth': 9, 'min_child_weight': 4, 'n_estimators': 100, 'subsample': 0.8383165315223776}",-37.38244792532716,-42.576673947757,-39.8341715874543,-40.38204557351942,-40.26299728221402,-40.08765689728424,1.6550423440175615,68,-36749.92092078906,-27300.259171726768,-10268.837967534273,-14099.899349741649,-24252.22162518486,-22534.12623469911,9480.040779406327,18,0.16497250727072055,0.5721657255302871,0.6479144131390477,0.599970994331266,0.5725505527304948,0.511511230009011,0.1754609987532755,22
47,13.414554500579834,0.3369227016607567,0.12386741638183593,0.009153877795902602,0.8827174385882728,0.17911598988991273,8,1,100,0.36247546928162666,"{'colsample_bytree': 0.8827174385882728, 'learning_rate': 0.17911598988991273, 'max_depth': 8, 'min_child_weight': 1, 'n_estimators': 100, 'subsample': 0.36247546928162666}",-32.06618878078855,-38.13298317288775,-37.67083994098538,-34.510147034329066,-37.04121698640917,-35.88420678164902,2.2827252202551565,51,-37594.62577889984,-30582.36354246621,-13127.048616456534,-16431.80325099401,-24790.700122397207,-24505.29138912817,8977.88794582591,34,0.14595722376075704,0.520597996548704,0.5500616238804841,0.533327105771976,0.5630933361248868,0.46260151622889595,0.158985327288344,39
48,4.223409366607666,0.019870013693738538,0.086859130859375,0.0031617962854153716,0.32301558284451865,0.20478256061565256,4,1,100,0.6045413366213279,"{'colsample_bytree': 0.32301558284451865, 'learning_rate': 0.20478256061565256, 'max_depth': 4, 'min_child_weight': 1, 'n_estimators': 100, 'subsample': 0.6045413366213279}",-33.44437396983546,-33.56569594206487,-32.982590078038996,-33.33212931456384,-34.62486108319778,-33.58986888970729,0.5528024735796571,36,-38884.057115368574,-33857.79808075434,-9940.802187939773,-14963.773860878413,-22579.470430119512,-24045.266991622324,10955.074655718385,30,0.11627183288178078,0.4692471855532053,0.659052952422128,0.5754748365450771,0.6020360707621633,0.48440962166011875,0.1941090036819275,30
49,5.173855590820312,0.1951689659970823,0.14416122436523438,0.00716051732438633,0.5347550057542395,0.20389520952761564,8,3,100,0.10822158798635051,"{'colsample_bytree': 0.5347550057542395, 'learning_rate': 0.20389520952761564, 'max_depth': 8, 'min_child_weight': 3, 'n_estimators': 100, 'subsample': 0.10822158798635051}",-83.75192504757402,-84.25216986376824,-80.27789815532678,-83.1018118058793,-80.74095140729763,-82.42505081845286,1.6126593208910855,96,-50831.02770770847,-47214.02005765606,-23378.768903098786,-26206.70258412535,-41236.18478694717,-37773.136075497394,11069.276350640197,95,-0.15530919677875743,0.2598970171072269,0.19823589998780522,0.2551096207942355,0.2733820483486452,0.1662567447376123,0.16283177285326655,95
50,1.428958797454834,0.014218127041294729,0.06033577919006348,0.0039968726134237695,0.11205477320402885,0.2601961025131538,2,4,100,0.4120679136296119,"{'colsample_bytree': 0.11205477320402885, 'learning_rate': 0.2601961025131538, 'max_depth': 2, 'min_child_weight': 4, 'n_estimators': 100, 'subsample': 0.4120679136296119}",-44.67825247434128,-40.149283527024146,-40.08279645090585,-40.072588574549805,-40.6281161673812,-41.1222366508111,1.7899225261670253,72,-42077.71329986525,-44589.1492803429,-11131.734787804553,-18422.136233293735,-37076.102451202816,-30658.98783630056,13391.870953361764,75,0.04370786190447007,0.3010244327606777,0.6182280351828535,0.47739957085755325,0.34652693346474006,0.35737800834011124,0.19190685006309313,75
51,8.532132005691528,0.12274314572577792,0.08064813613891601,0.0027764006708794987,0.8086059648442292,0.22482223140430874,4,2,100,0.8083117627897117,"{'colsample_bytree': 0.8086059648442292, 'learning_rate': 0.22482223140430874, 'max_depth': 4, 'min_child_weight': 2, 'n_estimators': 100, 'subsample': 0.8083117627897117}",-31.996535678040935,-33.20232633660081,-29.714055477788804,-31.763292316410126,-33.52481778403981,-32.04011774440881,1.3449195876425937,27,-36110.06408825113,-31909.822017287104,-7970.572922052151,-17362.971012415033,-25621.887752904404,-23794.95555194874,10125.823122154367,28,0.17929705098587745,0.4997597028931119,0.7266215809931118,0.5072592550167861,0.5484088604276969,0.49226597094481356,0.1768125475370243,27
52,5.278583288192749,0.12611109723733793,0.13081135749816894,0.004819580231883,0.3030764785441205,0.032231081462676496,7,3,100,0.3721281989989813,"{'colsample_bytree': 0.3030764785441205, 'learning_rate': 0.032231081462676496, 'max_depth': 7, 'min_child_weight': 3, 'n_estimators': 100, 'subsample': 0.3721281989989813}",-30.425026160705876,-32.498202223556476,-29.57540235345335,-28.82950555055479,-32.63248472084032,-30.792015394885954,1.5339079720643078,13,-36032.72937772377,-34141.085500912166,-8384.14453318909,-11078.023151633637,-25698.490504075482,-23066.739026662166,11463.23563822997,24,0.18135057048111747,0.4650668469528222,0.712462462683719,0.6851287265080643,0.5471716814104154,0.518234346857328,0.19117723830152572,20
53,5.605559539794922,0.08041721999991538,0.0594390869140625,0.006451866772339456,0.6874913449201667,0.11030137118269816,3,4,100,0.8788359954622179,"{'colsample_bytree': 0.6874913449201667, 'learning_rate': 0.11030137118269816, 'max_depth': 3, 'min_child_weight': 4, 'n_estimators': 100, 'subsample': 0.8788359954622179}",-31.474945106204714,-31.952582414778174,-27.616813714779802,-28.383846550765842,-31.023401684411386,-30.090262727829334,1.7485297114365888,7,-41840.05537152583,-41128.9449444551,-6744.912359647636,-15141.60712541664,-31933.210169111822,-27357.47548060022,14103.14604705299,55,0.04902285127962358,0.35524407222948406,0.7687063680742949,0.5700425960658515,0.4371885634881849,0.43604082237403735,0.23872663381677162,50
54,2.104441452026367,0.02177488425955276,0.05512146949768067,0.005874388378067466,0.28153588534398766,0.31473158703502013,2,4,100,0.5792414697612598,"{'colsample_bytree': 0.28153588534398766, 'learning_rate': 0.31473158703502013, 'max_depth': 2, 'min_child_weight': 4, 'n_estimators': 100, 'subsample': 0.5792414697612598}",-37.21439510714257,-35.004754323597105,-33.766105485392366,-33.19046986483625,-36.96452671777631,-35.227947634712976,1.6309315555867434,49,-46512.79367704285,-39449.810924572135,-9477.756607541643,-16416.07757207296,-37407.999973021855,-29852.441072818943,14300.143576195029,69,-0.056923785545796246,0.3816078171464272,0.6750817785947885,0.5341695550265836,0.3407375775099051,0.37493661036328096,0.2462426896125454,69
55,3.700650215148926,0.06257001934074985,0.10329198837280273,0.008250332587763816,0.2734820158153555,0.11829331989451423,5,1,100,0.4166893663099611,"{'colsample_bytree': 0.2734820158153555, 'learning_rate': 0.11829331989451423, 'max_depth': 5, 'min_child_weight': 1, 'n_estimators': 100, 'subsample': 0.4166893663099611}",-34.702669362741005,-33.890568544305786,-33.935868194266746,-31.53200877093367,-35.35744772799476,-33.88362538896125,1.294273281856735,37,-37622.82932462202,-29778.12162355254,-9611.562512550287,-10481.154618853927,-25187.5655065235,-22536.08996430634,10949.75149104285,19,0.1448685039939115,0.5331962465661757,0.6703668909015048,0.7024325294955058,0.5560651984016034,0.5213838235392033,0.1990437443021458,18
56,3.508515453338623,0.09988232624192674,0.1914186954498291,0.009456152376863338,0.14095601082296186,0.13498453066247137,9,4,100,0.1972467976669418,"{'colsample_bytree': 0.14095601082296186, 'learning_rate': 0.13498453066247137, 'max_depth': 9, 'min_child_weight': 4, 'n_estimators': 100, 'subsample': 0.1972467976669418}",-63.13989097908901,-62.315230065853754,-63.519458529813875,-64.6258122139593,-61.53979988590033,-63.02812632348001,1.0516185296936973,90,-42383.05217165828,-36699.64295095993,-15006.674752951003,-16001.454692232368,-27955.16683421723,-27609.177825836316,10905.237878299595,58,0.03666708087724724,0.4246535312157975,0.48529346475202106,0.5453517505093244,0.507309955895765,0.3998488036407343,0.18576480949607121,64
57,3.7499647617340086,0.0488941338218925,0.04907374382019043,0.0016831932346318514,0.6143307647470636,0.13949704978114882,2,1,100,0.9854136012731157,"{'colsample_bytree': 0.6143307647470636, 'learning_rate': 0.13949704978114882, 'max_depth': 2, 'min_child_weight': 1, 'n_estimators': 100, 'subsample': 0.9854136012731157}",-31.093058426282198,-31.827233461948882,-28.232805582464287,-28.670580927944382,-31.004504517928023,-30.165586987243163,1.4350012292889625,8,-46010.13487984327,-41465.67887745395,-7172.212390485703,-15488.884221981813,-35112.06736197764,-29049.43712895368,15107.229849650712,67,-0.04575075109001747,0.3499572795260977,0.754111870108437,0.5603323854129698,0.3812154621390125,0.3999743582288234,0.26558362048222073,63
58,14.278755283355713,0.0917917546244632,0.2041470527648926,0.01578423873928679,0.5750555597958992,0.38771978792610023,9,1,100,0.5741096055778656,"{'colsample_bytree': 0.5750555597958992, 'learning_rate': 0.38771978792610023, 'max_depth': 9, 'min_child_weight': 1, 'n_estimators': 100, 'subsample': 0.5741096055778656}",-43.43192754065254,-41.412203817634655,-36.00233943138889,-39.13466783867339,-39.916308217204445,-39.97949310454604,2.4701918719885043,67,-40054.943000045445,-32972.41633926654,-10570.576873929018,-12980.558692484408,-23336.413153097285,-23983.01983858603,11318.300090389,29,0.09009430910294136,0.48308609646068157,0.6375111478794959,0.6316282690534314,0.588696337885489,0.4861971724154283,0.20565444579532033,29
59,11.579485273361206,0.12850672119628365,0.09184327125549316,0.005963823307845654,0.7936151652443925,0.07834638553411012,6,3,100,0.7832874896922402,"{'colsample_bytree': 0.7936151652443925, 'learning_rate': 0.07834638553411012, 'max_depth': 6, 'min_child_weight': 3, 'n_estimators': 100, 'subsample': 0.7832874896922402}",-29.380847086109707,-31.443967556833623,-27.237896649963645,-27.903629197265282,-31.932038597388072,-29.57953673966059,1.8623199796049776,3,-38137.15795986583,-32110.317722026783,-7017.177423208576,-11264.652050276778,-25821.64445591248,-22870.015424532317,11943.345117315232,22,0.13337731472039216,0.4966019230120988,0.7593373842589702,0.6804919425659233,0.544888891555068,0.5229381935164285,0.2161733299111821,17
60,10.063274669647218,0.16778239990994095,0.08671836853027344,0.004915641411224715,0.776374007685341,0.06537424059498348,5,4,100,0.9560997353242933,"{'colsample_bytree': 0.776374007685341, 'learning_rate': 0.06537424059498348, 'max_depth': 5, 'min_child_weight': 4, 'n_estimators': 100, 'subsample': 0.9560997353242933}",-29.863165666533405,-31.23526721743483,-27.26981805504126,-28.6306224843295,-30.942355713147794,-29.58816576877271,1.4774387944099066,4,-40109.342945186974,-38744.917388941794,-6879.71589182849,-15502.971612634254,-30116.29092242488,-26270.420387702256,13068.305605971094,48,0.08849387742002512,0.39262191284176173,0.7641211485556284,0.56005242150832,0.469213042163513,0.4548996343017006,0.2213712021069503,45
61,2.6976203441619875,0.017511763892821847,0.09989500045776367,0.005922814199025689,0.12308394794453612,0.10833210587138392,5,2,100,0.6781236097043081,"{'colsample_bytree': 0.12308394794453612, 'learning_rate': 0.10833210587138392, 'max_depth': 5, 'min_child_weight': 2, 'n_estimators': 100, 'subsample': 0.6781236097043081}",-33.90207297493465,-35.67161547018866,-31.261938484223187,-31.855598732727785,-34.83704519909843,-33.50557545690837,1.695783438669252,35,-35421.86208724895,-33560.166816969024,-8408.203655744963,-9557.77988168413,-22708.8307435627,-21931.322671445017,11435.444669475533,15,0.19487830470183132,0.4739163898920876,0.7116231102877357,0.7287104732542361,0.5999190017316162,0.5418060203848909,0.19602369196067554,12
62,5.67609167098999,0.15529763586736844,0.1504650592803955,0.00716977691116753,0.3244371057402246,0.07111261629899439,8,4,100,0.31881538003408894,"{'colsample_bytree': 0.3244371057402246, 'learning_rate': 0.07111261629899439, 'max_depth': 8, 'min_child_weight': 4, 'n_estimators': 100, 'subsample': 0.31881538003408894}",-37.38809940307901,-37.82949007379385,-37.40526164800783,-36.119808356172754,-38.66977004416943,-37.48241570969521,0.8248154230623793,58,-37074.46859398567,-31252.8576011082,-9686.224402117274,-11983.293846022909,-23539.138686856433,-22707.147439423512,10627.510927141982,21,0.15742782647662745,0.510059976220989,0.6678174560000142,0.6597316791123009,0.5851181792620044,0.5160269388007035,0.18820361321157475,21
63,8.207412052154542,0.18866621049361657,0.15317707061767577,0.010144014556983553,0.32941356554184487,0.019650183715204363,8,2,100,0.8522630211053276,"{'colsample_bytree': 0.32941356554184487, 'learning_rate': 0.019650183715204363, 'max_depth': 8, 'min_child_weight': 2, 'n_estimators': 100, 'subsample': 0.8522630211053276}",-26.415259809209296,-28.79325253280563,-25.08467281340425,-24.58161015275171,-27.891971405408285,-26.55327420010837,1.6045648362171694,1,-35100.55877347482,-31089.70154558726,-7716.004841530632,-10465.312207758827,-22430.673266482314,-21360.386852570442,10858.210958851661,10,0.20488293421611725,0.5143521237003095,0.7380091991938662,0.7040024812236717,0.606504959837163,0.5535472088183213,0.19109188070597516,8
64,4.120376539230347,0.03638125644626249,0.06329231262207032,0.0037415336511472416,0.4790945218274212,0.3789173134491544,3,1,100,0.6623845675208754,"{'colsample_bytree': 0.4790945218274212, 'learning_rate': 0.3789173134491544, 'max_depth': 3, 'min_child_weight': 1, 'n_estimators': 100, 'subsample': 0.6623845675208754}",-36.886344824841906,-36.71497986866742,-33.60162964589209,-33.149966599283715,-33.75204975616643,-34.82105733776319,1.6294248882820521,45,-40280.86912033012,-35768.704539872735,-8558.467210968021,-17744.79204867166,-24551.20148263508,-25380.855928940473,11592.651755605164,42,0.0845056287336059,0.43924902236769525,0.7064606464459753,0.4959171692421278,0.5673009317556618,0.4586802581498287,0.2073516852163869,43
65,6.0329290390014645,0.023869659344306137,0.08932371139526367,0.0035842221016168666,0.5902648990843387,0.03341418333829011,5,1,100,0.3818934660374276,"{'colsample_bytree': 0.5902648990843387, 'learning_rate': 0.03341418333829011, 'max_depth': 5, 'min_child_weight': 1, 'n_estimators': 100, 'subsample': 0.3818934660374276}",-29.843408091830106,-31.428696018120892,-27.44644696959863,-26.888819220641857,-31.474530209316296,-29.416258418674204,1.9358102263172163,2,-40268.990774597005,-35753.31543246986,-7731.471823807717,-12220.584005594694,-30067.807327279745,-25208.146573858085,12929.031592230569,41,0.08514808000424412,0.43972221255893285,0.7348735919695195,0.6526535452271626,0.4701931468400907,0.4765184892686999,0.22465555730190484,34
66,5.292890882492065,0.08779360837335823,0.16602931022644044,0.004400149991852958,0.1874898377687776,0.22580569213741364,8,4,100,0.9063000819010432,"{'colsample_bytree': 0.1874898377687776, 'learning_rate': 0.22580569213741364, 'max_depth': 8, 'min_child_weight': 4, 'n_estimators': 100, 'subsample': 0.9063000819010432}",-34.71293516494521,-37.06196441805965,-36.49430500281446,-36.30312430545877,-35.76628220298987,-36.067740040777196,0.7940249509763361,52,-35759.12885832034,-28069.39917896913,-9363.110562313732,-11293.45406766194,-19084.41338275785,-20713.99754959472,10007.312791349848,5,0.18734922313519453,0.5599527712760674,0.6788679513624736,0.6795648585933547,0.6636694066367146,0.5538743512131509,0.18860595230203903,7
67,3.898356246948242,0.24975527730187302,0.08281269073486328,0.011890837435061885,0.5315259881535597,0.02645709894120451,5,2,100,0.16349051842589357,"{'colsample_bytree': 0.5315259881535597, 'learning_rate': 0.02645709894120451, 'max_depth': 5, 'min_child_weight': 2, 'n_estimators': 100, 'subsample': 0.16349051842589357}",-32.005111036870105,-34.34982455527328,-29.80833571488569,-29.947279636231958,-33.86836144347504,-31.99567176557199,1.8989191474876725,26,-40740.64490107161,-45786.26909716654,-11806.556526394777,-17717.392750011997,-36759.35915598238,-30561.678084643267,13346.028130372068,72,0.0745964322416105,0.2830546088967456,0.5955044154235227,0.49650567173576465,0.35286245204237776,0.3605051678986786,0.17973932291741437,72
68,5.535920143127441,0.046133715958206936,0.08721485137939453,0.0022410360203003474,0.28944983192259577,0.2630461782122916,6,1,100,0.7380937405208258,"{'colsample_bytree': 0.28944983192259577, 'learning_rate': 0.2630461782122916, 'max_depth': 6, 'min_child_weight': 1, 'n_estimators': 100, 'subsample': 0.7380937405208258}",-32.444012903652705,-34.09637407490286,-29.843784414819808,-31.78638235126555,-32.901825552241185,-32.21443522146151,1.4050312169023638,28,-35681.82847510981,-26761.027052120833,-8884.065750990489,-10503.55507950074,-19111.646091725477,-20188.488151849866,10060.009123749403,2,0.1891512438767533,0.5804640791416754,0.695290320378679,0.7021658245780422,0.6631535593137423,0.5660392641456196,0.19335375902902488,1
69,5.068294525146484,0.2588519297899176,0.0577662467956543,0.0024294225377664035,0.4350526391554288,0.35096175446800215,4,3,100,0.8778643193494492,"{'colsample_bytree': 0.4350526391554288, 'learning_rate': 0.35096175446800215, 'max_depth': 4, 'min_child_weight': 3, 'n_estimators': 100, 'subsample': 0.8778643193494492}",-37.00890978768208,-38.07752286183598,-37.434480992138404,-36.503805632981326,-36.802197881646585,-37.16540490373823,0.5474549050663076,57,-38317.31505744952,-31962.760720260765,-10951.52421852634,-17089.358568784544,-23181.173723386528,-24300.492630835986,9865.68143247382,33,0.1291061938067143,0.4989165577023633,0.6244332340402774,0.5151479192046987,0.591427095219488,0.47179912769393834,0.17757591703796866,35
70,11.971594762802123,0.35091519921665904,0.14533209800720215,0.00231935186306135,0.6197228770802659,0.2564839095102045,9,2,100,0.7515831905321805,"{'colsample_bytree': 0.6197228770802659, 'learning_rate': 0.2564839095102045, 'max_depth': 9, 'min_child_weight': 2, 'n_estimators': 100, 'subsample': 0.7515831905321805}",-33.417577981156,-34.49736363964253,-34.45016898356209,-35.690428133779754,-34.34843124125851,-34.480801821512664,0.7228450256981935,43,-36331.85848670094,-23915.252727040144,-10087.089329146116,-12791.384600616155,-23720.68482802665,-21369.114971553623,9346.466072711191,11,0.17423520432951445,0.6250921097641389,0.6541439129857175,0.637728536049857,0.5819257768047146,0.5346223114473053,0.18178376309891056,13
71,8.026943016052247,0.17711775704789504,0.0931772232055664,0.005449089153887879,0.5929755887472729,0.10823753419025567,7,3,100,0.767861334530593,"{'colsample_bytree': 0.5929755887472729, 'learning_rate': 0.10823753419025567, 'max_depth': 7, 'min_child_weight': 3, 'n_estimators': 100, 'subsample': 0.767861334530593}",-30.258076864940826,-31.54209127409938,-29.525676367605644,-30.112471086789334,-32.106557945451534,-30.708892078994225,0.959826800554688,12,-35807.91279535909,-27220.717293984242,-7939.886822637353,-10767.372989609632,-22540.89255562984,-20855.25683813528,10349.351467788507,7,0.18619125177322693,0.5732594883272549,0.7277545425385317,0.694668141859474,0.6027135240871653,0.5569146821296663,0.19389343196592923,6
72,2.2312482833862304,0.025357815468878164,0.051898193359375,0.001869691980289487,0.27115393717141834,0.1508432420696577,3,1,100,0.9345080946367654,"{'colsample_bytree': 0.27115393717141834, 'learning_rate': 0.1508432420696577, 'max_depth': 3, 'min_child_weight': 1, 'n_estimators': 100, 'subsample': 0.9345080946367654}",-31.42055649832089,-32.52814937328538,-28.790523824345033,-29.395378000032185,-32.0071245423088,-30.828276755208734,1.4721351834893175,15,-40479.70357033845,-39517.86351488441,-7530.652644875437,-14617.594593065432,-30412.77075597514,-26511.48637530867,13276.153585731307,50,0.08008609839977332,0.3805098596638188,0.7417396771923286,0.5851264253705856,0.4639811749293483,0.4502878375730476,0.22147047850546078,47
73,1.0354502201080322,0.010962308458692378,0.04163961410522461,0.0020984114986567696,0.1090581476469,0.24710686450727848,2,4,100,0.37090254179269,"{'colsample_bytree': 0.1090581476469, 'learning_rate': 0.24710686450727848, 'max_depth': 2, 'min_child_weight': 4, 'n_estimators': 100, 'subsample': 0.37090254179269}",-45.27898300174176,-40.34818745640795,-39.246030412620954,-38.76464577125368,-43.99581237557652,-41.52658582500698,2.622810098580272,74,-44058.091788576756,-44595.62285452254,-11229.475074330356,-16972.04943917303,-38982.93490327777,-31167.172750956153,14189.009642682373,77,-0.001442347949268008,0.30090900055516034,0.6148808439602789,0.5179895654279989,0.3129177190834873,0.3490530925071912,0.21245590336863468,76
74,8.28443078994751,0.08905778949090772,0.14934945106506348,0.005107652474933057,0.41463541402541215,0.3998748306341368,9,1,100,0.5553644618055043,"{'colsample_bytree': 0.41463541402541215, 'learning_rate': 0.3998748306341368, 'max_depth': 9, 'min_child_weight': 1, 'n_estimators': 100, 'subsample': 0.5553644618055043}",-44.21000378598062,-42.279298650101374,-42.72361132533389,-45.88734959810752,-42.72253149278167,-43.564608753331875,1.3326941151463112,80,-40319.9072799093,-30627.151786901075,-12968.764198302126,-21975.53759506725,-30072.1187992091,-27192.52569285286,9186.639337269595,54,0.08352317352856564,0.5198619479975806,0.5551912116481416,0.37607676255235223,0.4699787125334801,0.40092227909610106,0.16975331490192166,62
75,1.8346521377563476,0.02825012752926875,0.03539438247680664,0.000492863149447357,0.3285211198167046,0.0367854018787681,2,1,100,0.8306023840622172,"{'colsample_bytree': 0.3285211198167046, 'learning_rate': 0.0367854018787681, 'max_depth': 2, 'min_child_weight': 1, 'n_estimators': 100, 'subsample': 0.8306023840622172}",-30.214499999318924,-33.14052263858083,-29.059744742717964,-29.29810080103997,-32.350190993387415,-30.812520929300238,1.643620548391728,14,-42523.10043283213,-43790.9756173892,-8300.422426776233,-15619.805093969379,-36037.21001429286,-29253.901693799195,14549.208080806586,68,0.03371286632159087,0.3136261045555391,0.7153151861732504,0.5560890257790592,0.36507583644030284,0.3967656773296143,0.23090992236432584,65
76,3.8717378616333007,0.03259330881891854,0.05189967155456543,0.0027686756308755744,0.5782641602055664,0.19088389696998098,4,3,100,0.43106185818778986,"{'colsample_bytree': 0.5782641602055664, 'learning_rate': 0.19088389696998098, 'max_depth': 4, 'min_child_weight': 3, 'n_estimators': 100, 'subsample': 0.43106185818778986}",-37.4602535970106,-37.19189422640827,-35.39290653466474,-33.46008226956413,-36.991480984855585,-36.09927077581376,1.503784483159213,53,-43826.97481484889,-34981.86847800829,-11058.259786972681,-15274.658993801435,-27733.294823816977,-26574.942898737358,12150.373622734647,51,0.003909490565473295,0.45158446140380126,0.6209833427789495,0.5661233325777244,0.5112152870240457,0.4307584263307914,0.22073908147382693,51
77,3.9280566692352297,0.060245587122046376,0.06671967506408691,0.0026482436099246384,0.7107169680755915,0.3307956904760725,6,4,100,0.1497647813059962,"{'colsample_bytree': 0.7107169680755915, 'learning_rate': 0.3307956904760725, 'max_depth': 6, 'min_child_weight': 4, 'n_estimators': 100, 'subsample': 0.1497647813059962}",-73.19269943674253,-86.52461822502295,-89.55344358420463,-80.83017841761118,-79.29125361799278,-81.87859161747352,5.722496450579337,95,-50780.49809400534,-50561.82101041038,-30635.491440693928,-28117.77186755469,-42474.14732754474,-40513.83005579991,9607.074657450721,97,-0.15403988168110794,0.20733431192577145,-0.05075026674262051,0.2014498844478183,0.2519595593645326,0.09118121638791712,0.1623443739389823,97
78,6.383457326889038,0.027892320187036797,0.07655372619628906,0.002933947030439555,0.651014039707125,0.15316708037113522,6,2,100,0.45469343606851864,"{'colsample_bytree': 0.651014039707125, 'learning_rate': 0.15316708037113522, 'max_depth': 6, 'min_child_weight': 2, 'n_estimators': 100, 'subsample': 0.45469343606851864}",-34.76587581281263,-35.318568596368074,-33.005629583836445,-33.64939635561269,-36.46973235387904,-34.64173247074812,1.2227935336113003,44,-37717.614154508345,-31474.14285755763,-10393.860676148757,-14607.848735689611,-26513.62046343867,-24141.27712660624,10233.502511731092,31,0.1428131011842777,0.5065877868337354,0.6435434607950913,0.5854998768559467,0.5326948611715507,0.4822248336242513,0.17609028828029888,31
79,5.941796064376831,0.31340306022684755,0.11881108283996582,0.004336431295860711,0.3229841780658242,0.3821109666124866,8,3,100,0.5538547399308538,"{'colsample_bytree': 0.3229841780658242, 'learning_rate': 0.3821109666124866, 'max_depth': 8, 'min_child_weight': 3, 'n_estimators': 100, 'subsample': 0.5538547399308538}",-51.670649455473196,-52.36698819383728,-53.39632746885593,-54.807584256647324,-51.966666893924504,-52.84169498464275,1.143229299496432,86,-41980.69804319124,-27429.145292208177,-14908.626596694132,-19007.160450893414,-29584.252863451944,-26581.799146851095,9386.376278953074,52,0.04580080183560997,0.5699921791826581,0.48885775889102046,0.4607055362451373,0.4785713885340829,0.408781407015058,0.18532756110354917,58
80,3.8149327754974367,0.37728522644474355,0.08182263374328613,0.00516373999943317,0.5534172789865104,0.3832471392603163,7,1,100,0.1054659079742778,"{'colsample_bytree': 0.5534172789865104, 'learning_rate': 0.3832471392603163, 'max_depth': 7, 'min_child_weight': 1, 'n_estimators': 100, 'subsample': 0.1054659079742778}",-114.56126853114502,-142.12559190960704,-138.03028889245758,-122.70722509385423,-135.68393536290074,-130.62136266312447,10.329116893928296,100,-67778.18579286631,-89039.65638541283,-66117.47040969771,-53789.16517287053,-76461.4011260791,-70636.83143392138,11705.215825557254,100,-0.540309574595268,-0.39577070626766053,-1.2669237824356405,-0.5271042336493454,-0.34762698189988894,-0.6155628959063627,0.3340266523672478,100
81,4.7018529891967775,0.043575399230880864,0.07975172996520996,0.0019298523634996673,0.36955660873734764,0.29191981478346474,6,1,100,0.3818558776490584,"{'colsample_bytree': 0.36955660873734764, 'learning_rate': 0.29191981478346474, 'max_depth': 6, 'min_child_weight': 1, 'n_estimators': 100, 'subsample': 0.3818558776490584}",-41.79943196102426,-43.142407449892275,-42.96523493991742,-42.580770534345675,-44.31533393396879,-42.96055567052413,0.8198313558474457,78,-38514.715199967744,-29353.200968309247,-12595.009190127435,-18259.134732856026,-26980.444565763457,-25140.39214911589,8997.414450754193,40,0.12478622300843467,0.5400338767005425,0.5680205738932003,0.4814203482053083,0.5245219655971655,0.44775205891121783,0.16390286869049744,48
82,3.324231433868408,0.40517256371209154,0.05760712623596191,0.004037177019489981,0.3386217481064454,0.1541705625822103,4,2,100,0.5086701996226118,"{'colsample_bytree': 0.3386217481064454, 'learning_rate': 0.1541705625822103, 'max_depth': 4, 'min_child_weight': 2, 'n_estimators': 100, 'subsample': 0.5086701996226118}",-34.96558007826088,-34.19676016675908,-32.28184573929796,-32.83860630676163,-35.307326094065104,-33.91794153782963,1.1787527213426128,39,-39320.22479803229,-35341.1578999435,-8566.010227357023,-13023.334055350968,-27618.402794902853,-24773.657776280874,12100.9593397255,38,0.10627767264262533,0.446040297797773,0.706315166501142,0.6305844171826199,0.5132287800293958,0.4804873311849031,0.20776489522172706,33
83,5.729201889038086,0.0476815628048729,0.13998627662658691,0.007989384667660466,0.3401267388416953,0.13963776305708162,9,1,100,0.39266079812832266,"{'colsample_bytree': 0.3401267388416953, 'learning_rate': 0.13963776305708162, 'max_depth': 9, 'min_child_weight': 1, 'n_estimators': 100, 'subsample': 0.39266079812832266}",-34.83489213314347,-34.572470996952816,-35.58942911471976,-35.69649778188878,-35.93591024418649,-35.32580398523005,0.526805237274044,50,-34415.67726397264,-23383.105205931635,-9963.44655736874,-11919.71554526841,-20481.232096530326,-20032.608811598275,8780.997043340263,1,0.21778631023512496,0.6334967750936615,0.6583692036499695,0.6618244618192879,0.6390145418127376,0.5620937110299433,0.17250219604237116,3
84,4.5820478916168215,0.026700642046740015,0.08568644523620605,0.0023133022213601842,0.3406587350481715,0.1934763050495416,6,2,100,0.7619277615119656,"{'colsample_bytree': 0.3406587350481715, 'learning_rate': 0.1934763050495416, 'max_depth': 6, 'min_child_weight': 2, 'n_estimators': 100, 'subsample': 0.7619277615119656}",-33.44736009207203,-35.94283084972631,-31.016290396231714,-31.316236475260695,-32.19434493827721,-32.78344737753436,1.7914197367499807,32,-36599.67889062309,-29644.991583435363,-8368.47705619734,-9222.709831712804,-20113.977725509954,-20790.006983753956,11108.0745497831,6,0.16817257304325017,0.5352612323081386,0.7130352793311239,0.7386871728338489,0.645499830403362,0.5601261703678622,0.20823565486286003,4
85,1.743610668182373,0.007804034399274077,0.03254084587097168,0.0008612950601838464,0.6280639363265801,0.29219077666215987,2,4,100,0.21994471607145832,"{'colsample_bytree': 0.6280639363265801, 'learning_rate': 0.29219077666215987, 'max_depth': 2, 'min_child_weight': 4, 'n_estimators': 100, 'subsample': 0.21994471607145832}",-38.78780650838817,-41.11097787725407,-36.48640807054468,-37.68883468820751,-41.833165636152856,-39.18128177905613,2.0198964175113256,65,-45289.43603988265,-43277.96761804974,-11971.77991025341,-17543.92766833223,-39411.92423463821,-31498.539261835573,13911.359662507306,80,-0.029119929628314667,0.32155650500833255,0.589595814187898,0.5019234990527107,0.3053706721060012,0.33786723331359086,0.2127423075745476,79
86,1.4981924057006837,0.07474058909580948,0.0404477596282959,0.0009047464989049838,0.2544317264998729,0.03872165612366855,2,3,100,0.43946565340065413,"{'colsample_bytree': 0.2544317264998729, 'learning_rate': 0.03872165612366855, 'max_depth': 2, 'min_child_weight': 3, 'n_estimators': 100, 'subsample': 0.43946565340065413}",-31.345085197040536,-34.67692531864213,-31.18414148662769,-30.328166555731105,-34.46097405206375,-32.39893661617204,1.8063973680623593,29,-43418.030509823424,-46779.84014405474,-10712.122933400682,-18230.84526357141,-39867.0530379797,-31801.10152576999,14514.235331203341,82,0.013239279524870362,0.2667293738520202,0.6326840178473259,0.48189086952024573,0.2975281628524943,0.33841675801736143,0.20963868364866453,78
87,2.6099881172180175,0.0714625630796921,0.037994909286499026,0.0010418014511246792,0.5437578640737244,0.12222695884513687,2,3,100,0.884225083885728,"{'colsample_bytree': 0.5437578640737244, 'learning_rate': 0.12222695884513687, 'max_depth': 2, 'min_child_weight': 3, 'n_estimators': 100, 'subsample': 0.884225083885728}",-30.88151162452258,-31.739432518136173,-27.47835254267479,-28.879312586861886,-31.850521299910927,-30.165726510827476,1.7148937158689028,9,-42248.34283923613,-41558.93905880125,-6866.421372913721,-15282.091777507987,-35987.82927623224,-28388.275585973428,14548.737509045586,64,0.039802644496755635,0.3485217368604331,0.7645646050442705,0.5662539093051496,0.3657434386736591,0.41698029595422564,0.24194576321393776,56
88,5.4882505416870115,0.09217763103383124,0.13407478332519532,0.008706580393996808,0.2579352790740603,0.20020907141581126,9,4,100,0.7526060398253113,"{'colsample_bytree': 0.2579352790740603, 'learning_rate': 0.20020907141581126, 'max_depth': 9, 'min_child_weight': 4, 'n_estimators': 100, 'subsample': 0.7526060398253113}",-38.18440305673967,-38.855226402359534,-36.53226078278984,-38.23899171297239,-37.28018414455183,-37.81824502957139,0.8160644725018238,63,-36780.2472072666,-26751.9193873187,-8657.430230068949,-11244.221880504743,-21204.394254966388,-20927.626229741585,10292.34573213474,9,0.16398181496722752,0.5806392624759543,0.703072951661859,0.6817494738731907,0.62626869955724,0.5511379988458048,0.19827173101147616,9
89,4.0380878925323485,0.05360144172357134,0.04714922904968262,0.0006666123167537416,0.7167705546707854,0.2701832278837862,3,1,100,0.5610680106499587,"{'colsample_bytree': 0.7167705546707854, 'learning_rate': 0.2701832278837862, 'max_depth': 3, 'min_child_weight': 1, 'n_estimators': 100, 'subsample': 0.5610680106499587}",-35.69211977370526,-33.2543194143863,-31.020079013901704,-34.51394394832076,-35.53813503031404,-34.00362871745503,1.7279671952768478,40,-41320.00209095384,-34168.16343961905,-8411.528492455682,-16746.21172043137,-28498.55159093794,-25828.733629577695,11853.641481600922,45,0.060911879615744846,0.46436880676390657,0.711502044429594,0.524742374374029,0.4977592753772908,0.45185416224198977,0.21346771428632688,46
90,3.1413824558258057,0.03479674693068822,0.07217946052551269,0.003674261380453697,0.2905416557200483,0.3269444548701194,5,2,100,0.4794210270379604,"{'colsample_bytree': 0.2905416557200483, 'learning_rate': 0.3269444548701194, 'max_depth': 5, 'min_child_weight': 2, 'n_estimators': 100, 'subsample': 0.4794210270379604}",-43.398313221161864,-44.33176877940508,-44.8969051312174,-40.49464708607189,-44.57859597449857,-43.53998463667742,1.6025892030249436,79,-39959.38148153061,-35822.09222510891,-14086.043613562271,-17341.49873450234,-30510.287128068125,-27543.685253647305,10165.65723741507,57,0.09184078616556224,0.438866358417221,0.5169007188535015,0.5072179415533474,0.46237000047011956,0.40343567694630894,0.1584117602348992,61
91,3.5735630989074707,0.03012407227355645,0.046795892715454104,0.0025826357319449797,0.5948968081143736,0.14124117186869897,3,4,100,0.5730546402741837,"{'colsample_bytree': 0.5948968081143736, 'learning_rate': 0.14124117186869897, 'max_depth': 3, 'min_child_weight': 4, 'n_estimators': 100, 'subsample': 0.5730546402741837}",-32.90477720373416,-34.20645233639027,-29.7607671983877,-30.28408978445587,-32.69341849586373,-31.969858227516372,1.6806275457091286,25,-43180.43047709131,-41660.172532338,-7601.790481925471,-14908.072687096985,-32988.77938572489,-28067.55817454321,14348.86684991949,62,0.01861316141276148,0.3469006148430982,0.7394367879962704,0.576695550102362,0.4185987631790722,0.4200490612470657,0.2421022709499288,55
92,2.0603345394134522,0.07331804388848039,0.03631701469421387,0.0004971240311231159,0.7877618651986098,0.02714508207864709,2,4,100,0.1970440631913542,"{'colsample_bytree': 0.7877618651986098, 'learning_rate': 0.02714508207864709, 'max_depth': 2, 'min_child_weight': 4, 'n_estimators': 100, 'subsample': 0.1970440631913542}",-33.710420746088666,-36.4057550878522,-32.54620158386907,-31.958753886604818,-36.12926370247379,-34.14996198679209,1.8205876191241197,41,-45650.51634823691,-51297.052522166785,-16101.480711931243,-23414.992219483098,-47178.64990612037,-36727.920503609406,14168.988721603802,93,-0.03728943067480417,0.19649413127716042,0.4478881231437003,0.3346956473671181,0.16926615846905657,0.22221405614982967,0.16394820131793023,91
93,5.010505437850952,0.2667886842060782,0.0798682689666748,0.002236529999048904,0.7742174303841667,0.33843233882465923,7,2,100,0.1363747510282093,"{'colsample_bytree': 0.7742174303841667, 'learning_rate': 0.33843233882465923, 'max_depth': 7, 'min_child_weight': 2, 'n_estimators': 100, 'subsample': 0.1363747510282093}",-76.41584288478427,-95.840279113672,-95.7100970297215,-96.70976537697737,-86.54973922212542,-90.2453632075126,7.847067334329984,99,-52133.167331449295,-55705.531886786,-34580.63989656967,-40771.192767216366,-53904.04337629827,-47418.53163388429,8270.071190361028,99,-0.18481862242520974,0.12669520393445277,-0.18593723338520096,-0.1578079364111038,0.050181402979626144,-0.07034456245110761,0.13226327736539117,99
94,2.379262161254883,0.058602422130024874,0.03757662773132324,0.002083429199266457,0.625548175774844,0.20253949935123897,2,2,100,0.3639926762217325,"{'colsample_bytree': 0.625548175774844, 'learning_rate': 0.20253949935123897, 'max_depth': 2, 'min_child_weight': 2, 'n_estimators': 100, 'subsample': 0.3639926762217325}",-35.91876357975282,-35.67539783895562,-32.94623847054265,-33.19248466952609,-34.53286662741852,-34.453145524197275,1.2254606604925014,42,-45274.58866771239,-44227.35516236047,-8813.80718881442,-18422.235986866126,-36147.45647656958,-30576.75936172532,14524.52636336397,73,-0.028927799336128768,0.30665643417543564,0.6978870581132159,0.4769926659807945,0.3629913079246725,0.3631199409762714,0.23746252892695605,71
95,2.931128215789795,0.07577378124701181,0.09193897247314453,0.0043952988747419635,0.23062974213396187,0.4053835053257846,6,2,100,0.3462389795292279,"{'colsample_bytree': 0.23062974213396187, 'learning_rate': 0.4053835053257846, 'max_depth': 6, 'min_child_weight': 2, 'n_estimators': 100, 'subsample': 0.3462389795292279}",-72.06766994098852,-71.10232782547128,-70.31403665409756,-65.8175408185286,-60.603511087257154,-67.98145344276526,4.265766198192043,92,-50812.73031998759,-42955.10452491101,-27557.315692752098,-24929.18775361845,-31679.49693514639,-35586.998053330295,9792.538309204543,89,-0.1549739859792001,0.3267567470967244,0.05521981474502058,0.2914232217839351,0.44169414905551385,0.19200922818634206,0.21423651839787908,92
96,9.837124156951905,0.11457593686342622,0.0900500774383545,0.023466346811987757,0.6382345069814395,0.3840780066838117,7,2,100,0.8341997461073262,"{'colsample_bytree': 0.6382345069814395, 'learning_rate': 0.3840780066838117, 'max_depth': 7, 'min_child_weight': 2, 'n_estimators': 100, 'subsample': 0.8341997461073262}",-35.059687713529456,-38.54282834305765,-34.655460516614674,-37.7153403496922,-37.646340755987,-36.723877000526095,1.5614650077765029,55,-36141.28259712457,-28490.633436231845,-9992.07040975375,-19430.683896294864,-22542.551943454622,-23319.490388493006,8769.358035676554,26,0.1787195171056365,0.5533867650316249,0.6573459540656512,0.4496624326888069,0.6026829426421175,0.4883527632065938,0.16925353919954828,28
97,4.557066822052002,0.0864556693754586,0.155884313583374,0.0038510510177147774,0.17194243640820844,0.3055726253133272,9,3,100,0.7969608138997112,"{'colsample_bytree': 0.17194243640820844, 'learning_rate': 0.3055726253133272, 'max_depth': 9, 'min_child_weight': 3, 'n_estimators': 100, 'subsample': 0.7969608138997112}",-40.98679306964849,-41.83823466065753,-40.381856835931494,-40.00768293003834,-42.78374987825672,-41.19956981956754,1.0051466435740843,73,-37875.835559987136,-26303.537924688895,-10254.038365911096,-12345.472513071996,-22108.37997455711,-21777.433302365553,10015.326625316102,14,0.13917547315933176,0.5876384238538888,0.6483189228146145,0.6492341746663826,0.6103950565947531,0.5269474768698943,0.19529889756272503,15
98,4.146909761428833,0.028180127434247738,0.03269796371459961,0.005668879407415836,0.9536363794997651,0.033787652571663024,2,4,100,0.8077696552614624,"{'colsample_bytree': 0.9536363794997651, 'learning_rate': 0.033787652571663024, 'max_depth': 2, 'min_child_weight': 4, 'n_estimators': 100, 'subsample': 0.8077696552614624}",-30.93418184061076,-33.20785584112895,-29.099455527571436,-30.47674329048989,-32.09803044676146,-31.163198122843454,1.4026804423226333,18,-42996.210683477955,-43103.10985249478,-7820.129551922745,-21542.620852108234,-35551.754124982974,-30202.448766745,13672.82050733794,71,0.023060001471481684,0.3244911902037574,0.7317812066290101,0.3877630393186272,0.3737347418586304,0.36816570665981313,0.22523396682485763,70
99,3.112148666381836,0.7071462081542692,0.045362091064453124,0.011959829611467757,0.5560216341537262,0.11916880651407288,4,2,100,0.3021343647197416,"{'colsample_bytree': 0.5560216341537262, 'learning_rate': 0.11916880651407288, 'max_depth': 4, 'min_child_weight': 2, 'n_estimators': 100, 'subsample': 0.3021343647197416}",-36.87925896078498,-36.250445019087074,-33.24096929778582,-33.33261892737773,-35.56441748161629,-35.053511733029545,1.501625680240365,47,-42399.34633188529,-35465.47481778807,-9702.144868748344,-14798.266157857657,-32666.961732671527,-27006.104116840976,12562.274129271837,53,0.03630251656076344,0.44403140845540423,0.6672509593973576,0.5799569565715597,0.4242442670862224,0.430357583028151,0.21634047686411786,52
